{
    "loss": 3.2758986949920654,
    "accuracy": 0.8586316108703613
}